{
  "file": "C:\\Dev\\MCD_decode\\old_monucad_format_dwg\\#19880RG.DWG",
  "size": 2920,
  "header": {
    "version": 30,
    "timestamp": 1314078,
    "magic": 65539,
    "height_in": 1.1581997871398926,
    "label": "M332",
    "component_id": 50,
    "span1_raw": 720896,
    "span2_raw": 3328,
    "span1_16_16": 11.0,
    "span2_16_16": 0.05078125
  },
  "opcode_counts": [
    [
      0,
      142
    ],
    [
      2,
      65
    ],
    [
      3,
      61
    ],
    [
      3328,
      56
    ],
    [
      16288,
      8
    ],
    [
      1,
      6
    ],
    [
      19716,
      6
    ],
    [
      37856,
      4
    ],
    [
      58944,
      4
    ],
    [
      65440,
      4
    ],
    [
      17280,
      4
    ],
    [
      27712,
      4
    ],
    [
      12544,
      4
    ],
    [
      46912,
      4
    ],
    [
      27232,
      4
    ],
    [
      16128,
      4
    ],
    [
      57032,
      4
    ],
    [
      4712,
      4
    ],
    [
      49344,
      4
    ],
    [
      54912,
      4
    ],
    [
      12032,
      4
    ],
    [
      22816,
      4
    ],
    [
      27040,
      4
    ],
    [
      2408,
      4
    ],
    [
      52480,
      4
    ],
    [
      10848,
      4
    ],
    [
      40256,
      4
    ],
    [
      58272,
      4
    ],
    [
      5,
      4
    ],
    [
      48,
      3
    ],
    [
      47246,
      3
    ],
    [
      48128,
      2
    ],
    [
      54608,
      2
    ],
    [
      23552,
      2
    ],
    [
      28512,
      2
    ],
    [
      52608,
      2
    ],
    [
      21792,
      2
    ],
    [
      13056,
      2
    ],
    [
      24016,
      2
    ],
    [
      25728,
      2
    ],
    [
      30512,
      2
    ],
    [
      43520,
      2
    ],
    [
      208,
      2
    ],
    [
      45056,
      2
    ],
    [
      44224,
      2
    ],
    [
      19400,
      2
    ],
    [
      49488,
      2
    ],
    [
      31664,
      2
    ],
    [
      30928,
      2
    ],
    [
      50016,
      2
    ],
    [
      16258,
      2
    ],
    [
      1408,
      2
    ],
    [
      28112,
      2
    ],
    [
      16014,
      2
    ],
    [
      51520,
      2
    ],
    [
      61344,
      2
    ],
    [
      14592,
      2
    ],
    [
      2528,
      2
    ],
    [
      18688,
      2
    ],
    [
      57056,
      2
    ],
    [
      57376,
      2
    ],
    [
      16049,
      2
    ],
    [
      15936,
      2
    ],
    [
      62464,
      2
    ],
    [
      3364,
      2
    ],
    [
      15874,
      2
    ],
    [
      16219,
      2
    ],
    [
      48729,
      2
    ],
    [
      15765,
      2
    ],
    [
      16237,
      2
    ],
    [
      15961,
      2
    ],
    [
      3359,
      2
    ],
    [
      53,
      2
    ],
    [
      10720,
      2
    ],
    [
      4224,
      2
    ],
    [
      40896,
      2
    ],
    [
      9440,
      2
    ],
    [
      14688,
      2
    ],
    [
      23296,
      2
    ],
    [
      37952,
      2
    ],
    [
      50688,
      2
    ],
    [
      31808,
      2
    ],
    [
      46720,
      2
    ],
    [
      29584,
      2
    ],
    [
      24240,
      2
    ],
    [
      17728,
      2
    ],
    [
      44368,
      2
    ],
    [
      40128,
      2
    ],
    [
      26752,
      2
    ],
    [
      39680,
      2
    ],
    [
      33264,
      2
    ],
    [
      59456,
      2
    ],
    [
      57264,
      2
    ],
    [
      56320,
      2
    ],
    [
      45088,
      2
    ],
    [
      16011,
      2
    ],
    [
      45520,
      2
    ],
    [
      4928,
      2
    ],
    [
      48416,
      2
    ],
    [
      52120,
      2
    ],
    [
      8000,
      2
    ],
    [
      63544,
      2
    ],
    [
      20992,
      2
    ],
    [
      63640,
      2
    ],
    [
      48655,
      2
    ],
    [
      45440,
      2
    ],
    [
      36080,
      2
    ],
    [
      56128,
      2
    ],
    [
      61568,
      2
    ],
    [
      35864,
      2
    ],
    [
      35776,
      2
    ],
    [
      63872,
      2
    ],
    [
      3842,
      2
    ],
    [
      15328,
      2
    ],
    [
      48807,
      1
    ],
    [
      15005,
      1
    ],
    [
      48810,
      1
    ],
    [
      15557,
      1
    ],
    [
      48817,
      1
    ],
    [
      15671,
      1
    ],
    [
      48656,
      1
    ],
    [
      15989,
      1
    ],
    [
      15826,
      1
    ],
    [
      16174,
      1
    ],
    [
      48405,
      1
    ],
    [
      16235,
      1
    ],
    [
      48720,
      1
    ],
    [
      16210,
      1
    ],
    [
      48758,
      1
    ],
    [
      16182,
      1
    ],
    [
      48784,
      1
    ],
    [
      16199,
      1
    ],
    [
      48809,
      1
    ],
    [
      16211,
      1
    ],
    [
      48393,
      1
    ],
    [
      16192,
      1
    ],
    [
      15766,
      1
    ],
    [
      16044,
      1
    ],
    [
      48566,
      1
    ],
    [
      15907,
      1
    ],
    [
      15868,
      1
    ],
    [
      15908,
      1
    ],
    [
      15913,
      1
    ],
    [
      16042,
      1
    ],
    [
      15789,
      1
    ],
    [
      15238,
      1
    ],
    [
      15379,
      1
    ],
    [
      15426,
      1
    ],
    [
      3358,
      1
    ],
    [
      54148,
      1
    ],
    [
      15755,
      1
    ],
    [
      15890,
      1
    ],
    [
      15919,
      1
    ],
    [
      16238,
      1
    ],
    [
      48642,
      1
    ],
    [
      48687,
      1
    ],
    [
      48659,
      1
    ],
    [
      15922,
      1
    ],
    [
      48815,
      1
    ],
    [
      16047,
      1
    ],
    [
      14344,
      1
    ],
    [
      48287,
      1
    ],
    [
      31008,
      1
    ],
    [
      48804,
      1
    ],
    [
      15732,
      1
    ],
    [
      48789,
      1
    ],
    [
      15850,
      1
    ],
    [
      48781,
      1
    ],
    [
      15928,
      1
    ],
    [
      48608,
      1
    ],
    [
      15780,
      1
    ],
    [
      15892,
      1
    ],
    [
      48531,
      1
    ],
    [
      16133,
      1
    ],
    [
      48726,
      1
    ],
    [
      16104,
      1
    ],
    [
      48741,
      1
    ],
    [
      16111,
      1
    ],
    [
      48759,
      1
    ],
    [
      16114,
      1
    ],
    [
      48763,
      1
    ],
    [
      16187,
      1
    ],
    [
      48770,
      1
    ],
    [
      16255,
      1
    ],
    [
      15373,
      1
    ],
    [
      16252,
      1
    ],
    [
      16254,
      1
    ],
    [
      16008,
      1
    ],
    [
      16239,
      1
    ],
    [
      16224,
      1
    ],
    [
      15753,
      1
    ],
    [
      16225,
      1
    ],
    [
      48649,
      1
    ],
    [
      16226,
      1
    ],
    [
      16188,
      1
    ],
    [
      16151,
      1
    ],
    [
      15546,
      1
    ],
    [
      16158,
      1
    ],
    [
      16034,
      1
    ],
    [
      16055,
      1
    ],
    [
      48496,
      1
    ],
