{
  "file": "C:\\Dev\\MCD_decode\\old_monucad_format_dwg\\#19884RG.DWG",
  "size": 1030,
  "header": {
    "version": 30,
    "timestamp": 1642251,
    "magic": 65539,
    "height_in": 3.3436999320983887,
    "label": "CRS3",
    "component_id": 51,
    "span1_raw": 184680448,
    "span2_raw": 2816,
    "span1_16_16": 2818.0,
    "span2_16_16": 0.04296875
  },
  "opcode_counts": [
    [
      0,
      44
    ],
    [
      2,
      24
    ],
    [
      1,
      13
    ],
    [
      2818,
      12
    ],
    [
      2816,
      11
    ],
    [
      64704,
      8
    ],
    [
      16007,
      5
    ],
    [
      55366,
      5
    ],
    [
      16349,
      5
    ],
    [
      15936,
      5
    ],
    [
      55470,
      5
    ],
    [
      16359,
      5
    ],
    [
      65120,
      4
    ],
    [
      45614,
      3
    ],
    [
      48775,
      3
    ],
    [
      16400,
      3
    ],
    [
      45404,
      3
    ],
    [
      48704,
      3
    ],
    [
      16395,
      3
    ],
    [
      62180,
      2
    ],
    [
      48543,
      2
    ],
    [
      16452,
      2
    ],
    [
      65430,
      2
    ],
    [
      16448,
      2
    ],
    [
      16243,
      2
    ],
    [
      49011,
      2
    ],
    [
      16224,
      2
    ],
    [
      48992,
      2
    ],
    [
      2827,
      1
    ]
  ],
  "opcode_params": {
    "2": [
      [
        1,
        12
      ],
      [
        0,
        6
      ],
      [
        64704,
        4
      ],
      [
        65120,
        2
      ]
    ],
    "0": [
      [
        2,
        13
      ],
      [
        2818,
        11
      ],
      [
        48704,
        5
      ],
      [
        0,
        5
      ],
      [
        15936,
        3
      ]
    ],
    "1": [
      [
        0,
        6
      ],
      [
        64704,
        4
      ],
      [
        65120,
        2
      ],
      [
        1,
        1
      ]
    ]
  },
  "point_samples": [
    [
      -0.26560020446777344,
      -0.07809999585151672,
      2,
      1
    ],
    [
      0.26560020446777344,
      2.263200283050537,
      2,
      1
    ],
    [
      -0.26560020446777344,
      3.0780997276306152,
      2,
      1
    ],
    [
      0.1875,
      2.1851000785827637,
      2,
      1
    ],
    [
      -0.1875,
      3.0,
      2,
      1
    ],
    [
      0.26560020446777344,
      1.7320001125335693,
      2,
      1
    ],
    [
      0.9531002044677734,
      2.263200283050537,
      2,
      1
    ],
    [
      -0.9531002044677734,
      2.263200283050537,
      2,
      1
    ],
    [
      0.1875,
      1.8101000785827637,
      2,
      1
    ],
    [
      0.875,
      2.1851000785827637,
      2,
      1
    ]
  ],
  "deflate_chunks": [
    {
      "offset": 97,
      "length": 125,
      "first_byte": "3d",
      "match_label": null
    },
    {
      "offset": 417,
      "length": 357,
      "first_byte": "3d",
      "match_label": null
    },
    {
      "offset": 427,
      "length": 125,
      "first_byte": "3d",
      "match_label": null
    },
    {
      "offset": 447,
      "length": 265,
      "first_byte": "3d",
      "match_label": null
    },
    {
      "offset": 547,
      "length": 125,
      "first_byte": "3d",
      "match_label": null
    },
    {
      "offset": 577,
      "length": 125,
      "first_byte": "3d",
      "match_label": null
    }
  ],
  "trailer_blocks": [
    {
      "offset": 782,
      "flags": 3841,
      "count": 5,
      "chunk_id": 1,
      "width": 9.625,
      "height": 2.3125,
      "label": "CRS3"
    },
    {
      "offset": 902,
      "flags": 3841,
      "count": 5,
      "chunk_id": 1,
      "width": -3.8125,
      "height": 2.3125,
      "label": "CRS3"
    }
  ]
}